job_count,1,4,100
1,0.03907947899999997,0.040929707999999954,0.2105824140000001
100,2.727588714,0.9892532880000005,1.0690433530000005
1000,27.009260306999998,8.932828004000001,10.094660484999999
